2.119500000000000000e+03,9.500000000000000000e+01,1.320000000000000000e+02,1.000000000000000000e+02,2.000000000000000000e+00,-2.360000000000000142e+01,0.000000000000000000e+00
2.119900000000000091e+03,9.900000000000000000e+01,4.800000000000000000e+01,5.000000000000000000e+01,2.000000000000000000e+00,-1.800000000000000000e+01,0.000000000000000000e+00
2.120000000000000000e+03,1.000000000000000000e+02,0.000000000000000000e+00,1.000000000000000000e+02,1.000000000000000000e+00,-1.930000000000000071e+01,0.000000000000000000e+00
2.129099999999999909e+03,1.910000000000000000e+02,1.440000000000000000e+02,1.500000000000000000e+01,1.000000000000000000e+00,-2.010000000000000142e+01,0.000000000000000000e+00
2.129300000000000182e+03,1.930000000000000000e+02,0.000000000000000000e+00,5.000000000000000000e+01,4.000000000000000000e+00,-1.639999999999999858e+01,0.000000000000000000e+00
2.129400000000000091e+03,1.940000000000000000e+02,0.000000000000000000e+00,1.250000000000000000e+02,2.000000000000000000e+00,-1.140000000000000036e+01,0.000000000000000000e+00
2.129900000000000091e+03,1.990000000000000000e+02,3.690000000000000000e+02,5.000000000000000000e+01,4.000000000000000000e+00,-7.799999999999999822e+00,0.000000000000000000e+00
2.130199999999999818e+03,2.020000000000000000e+02,0.000000000000000000e+00,1.500000000000000000e+01,4.000000000000000000e+00,-1.109999999999999964e+01,0.000000000000000000e+00
2.130500000000000000e+03,2.050000000000000000e+02,0.000000000000000000e+00,1.500000000000000000e+02,1.000000000000000000e+00,-1.490000000000000036e+01,0.000000000000000000e+00
2.142000000000000000e+03,3.200000000000000000e+02,1.000000000000000000e+00,1.500000000000000000e+02,4.000000000000000000e+00,-7.700000000000000178e+00,0.000000000000000000e+00
2.142000000000000000e+03,3.200000000000000000e+02,2.000000000000000000e+00,1.500000000000000000e+02,1.000000000000000000e+00,-1.600000000000000000e+01,0.000000000000000000e+00
2.142300000000000182e+03,3.230000000000000000e+02,1.990000000000000000e+02,7.500000000000000000e+01,4.000000000000000000e+00,-5.500000000000000000e+00,0.000000000000000000e+00
2.142300000000000182e+03,3.230000000000000000e+02,2.000000000000000000e+02,7.500000000000000000e+01,4.000000000000000000e+00,-9.400000000000000355e+00,0.000000000000000000e+00
2.161699999999999818e+03,5.170000000000000000e+02,0.000000000000000000e+00,1.000000000000000000e+02,2.000000000000000000e+00,-2.089999999999999858e+01,0.000000000000000000e+00
2.162000000000000000e+03,5.200000000000000000e+02,0.000000000000000000e+00,7.500000000000000000e+01,2.000000000000000000e+00,-1.939999999999999858e+01,0.000000000000000000e+00
2.162199999999999818e+03,5.220000000000000000e+02,1.770000000000000000e+02,7.500000000000000000e+01,4.000000000000000000e+00,-1.750000000000000000e+01,0.000000000000000000e+00
2.162300000000000182e+03,5.230000000000000000e+02,0.000000000000000000e+00,1.000000000000000000e+02,1.000000000000000000e+00,-1.880000000000000071e+01,0.000000000000000000e+00
1.807400000000000091e+03,1.224000000000000000e+03,0.000000000000000000e+00,7.500000000000000000e+01,2.000000000000000000e+00,-9.199999999999999289e+00,0.000000000000000000e+00
1.807599999999999909e+03,1.226000000000000000e+03,3.690000000000000000e+02,2.500000000000000000e+01,4.000000000000000000e+00,-4.500000000000000000e+00,0.000000000000000000e+00
1.807700000000000045e+03,1.227000000000000000e+03,0.000000000000000000e+00,5.000000000000000000e+01,2.000000000000000000e+00,-4.900000000000000355e+00,0.000000000000000000e+00
1.823700000000000045e+03,1.387000000000000000e+03,1.300000000000000000e+02,7.500000000000000000e+01,2.000000000000000000e+00,-2.719999999999999929e+01,0.000000000000000000e+00
1.824000000000000000e+03,1.390000000000000000e+03,1.000000000000000000e+00,2.500000000000000000e+01,1.000000000000000000e+00,-2.019999999999999929e+01,0.000000000000000000e+00
1.824200000000000045e+03,1.392000000000000000e+03,5.200000000000000000e+01,7.500000000000000000e+01,2.000000000000000000e+00,-1.710000000000000142e+01,0.000000000000000000e+00
1.824299999999999955e+03,1.393000000000000000e+03,1.000000000000000000e+00,5.000000000000000000e+01,2.000000000000000000e+00,-1.710000000000000142e+01,0.000000000000000000e+00
1.824700000000000045e+03,1.397000000000000000e+03,2.110000000000000000e+02,1.000000000000000000e+02,2.000000000000000000e+00,-2.480000000000000071e+01,0.000000000000000000e+00
1.846599999999999909e+03,1.616000000000000000e+03,2.000000000000000000e+00,1.000000000000000000e+02,4.000000000000000000e+00,-1.689999999999999858e+01,0.000000000000000000e+00
1.846700000000000045e+03,1.617000000000000000e+03,1.280000000000000000e+02,1.000000000000000000e+02,2.000000000000000000e+00,-1.219999999999999929e+01,0.000000000000000000e+00
1.860599999999999909e+03,1.756000000000000000e+03,0.000000000000000000e+00,7.500000000000000000e+01,2.000000000000000000e+00,-2.589999999999999858e+01,0.000000000000000000e+00
1.860799999999999955e+03,1.758000000000000000e+03,2.000000000000000000e+00,1.000000000000000000e+02,2.000000000000000000e+00,-1.789999999999999858e+01,0.000000000000000000e+00
1.861000000000000000e+03,1.760000000000000000e+03,2.000000000000000000e+00,1.000000000000000000e+02,2.000000000000000000e+00,-1.830000000000000071e+01,0.000000000000000000e+00
1.861099999999999909e+03,1.761000000000000000e+03,1.280000000000000000e+02,5.000000000000000000e+01,2.000000000000000000e+00,-1.440000000000000036e+01,0.000000000000000000e+00
1.866400000000000091e+03,1.814000000000000000e+03,0.000000000000000000e+00,1.500000000000000000e+02,2.000000000000000000e+00,-2.060000000000000142e+01,0.000000000000000000e+00
1.866500000000000000e+03,1.815000000000000000e+03,1.770000000000000000e+02,1.000000000000000000e+02,4.000000000000000000e+00,-1.830000000000000071e+01,0.000000000000000000e+00
1.866500000000000000e+03,1.815000000000000000e+03,3.700000000000000000e+02,1.000000000000000000e+02,4.000000000000000000e+00,-2.650000000000000000e+01,0.000000000000000000e+00
2.119400000000000091e+03,2.044000000000000000e+03,0.000000000000000000e+00,6.000000000000000000e+00,2.000000000000000000e+00,-2.450000000000000000e+01,0.000000000000000000e+00
2.119900000000000091e+03,2.049000000000000000e+03,4.800000000000000000e+01,5.000000000000000000e+01,2.000000000000000000e+00,-1.830000000000000071e+01,0.000000000000000000e+00
2.120199999999999818e+03,2.052000000000000000e+03,0.000000000000000000e+00,1.500000000000000000e+01,4.000000000000000000e+00,-2.060000000000000142e+01,0.000000000000000000e+00
2.129199999999999818e+03,2.142000000000000000e+03,0.000000000000000000e+00,1.250000000000000000e+02,2.000000000000000000e+00,-1.530000000000000071e+01,0.000000000000000000e+00
2.129300000000000182e+03,2.143000000000000000e+03,0.000000000000000000e+00,6.000000000000000000e+00,2.000000000000000000e+00,-1.450000000000000000e+01,0.000000000000000000e+00
2.129599999999999909e+03,2.146000000000000000e+03,0.000000000000000000e+00,1.500000000000000000e+01,4.000000000000000000e+00,-9.199999999999999289e+00,0.000000000000000000e+00
2.129900000000000091e+03,2.149000000000000000e+03,3.690000000000000000e+02,5.000000000000000000e+01,4.000000000000000000e+00,-6.099999999999999645e+00,0.000000000000000000e+00
2.130199999999999818e+03,2.152000000000000000e+03,2.070000000000000000e+02,1.500000000000000000e+02,2.000000000000000000e+00,-8.199999999999999289e+00,0.000000000000000000e+00
2.130500000000000000e+03,2.155000000000000000e+03,0.000000000000000000e+00,6.000000000000000000e+00,1.000000000000000000e+00,-1.230000000000000071e+01,0.000000000000000000e+00
2.142199999999999818e+03,2.272000000000000000e+03,1.000000000000000000e+00,1.500000000000000000e+01,4.000000000000000000e+00,-6.299999999999999822e+00,0.000000000000000000e+00
2.142300000000000182e+03,2.273000000000000000e+03,1.990000000000000000e+02,7.500000000000000000e+01,4.000000000000000000e+00,-2.299999999999999822e+00,0.000000000000000000e+00
2.142800000000000182e+03,2.278000000000000000e+03,1.000000000000000000e+00,1.250000000000000000e+02,2.000000000000000000e+00,-9.500000000000000000e+00,0.000000000000000000e+00
8.767000000000000455e+02,2.477000000000000000e+03,2.000000000000000000e+00,7.500000000000000000e+01,4.000000000000000000e+00,-2.730000000000000071e+01,0.000000000000000000e+00
2.629900000000000091e+03,2.849000000000000000e+03,1.000000000000000000e+00,6.000000000000000000e+00,2.000000000000000000e+00,-1.140000000000000036e+01,0.000000000000000000e+00
2.662400000000000091e+03,3.174000000000000000e+03,0.000000000000000000e+00,1.000000000000000000e+02,4.000000000000000000e+00,-2.469999999999999929e+01,0.000000000000000000e+00
2.662500000000000000e+03,3.175000000000000000e+03,0.000000000000000000e+00,5.000000000000000000e+01,1.000000000000000000e+00,-2.480000000000000071e+01,0.000000000000000000e+00
2.662900000000000091e+03,3.179000000000000000e+03,1.770000000000000000e+02,7.500000000000000000e+01,2.000000000000000000e+00,-2.250000000000000000e+01,0.000000000000000000e+00
2.663500000000000000e+03,3.185000000000000000e+03,0.000000000000000000e+00,7.500000000000000000e+01,4.000000000000000000e+00,-2.880000000000000071e+01,0.000000000000000000e+00
2.680000000000000000e+03,3.350000000000000000e+03,1.770000000000000000e+02,1.000000000000000000e+02,2.000000000000000000e+00,-1.839999999999999858e+01,0.000000000000000000e+00
2.680400000000000091e+03,3.354000000000000000e+03,0.000000000000000000e+00,5.000000000000000000e+01,1.000000000000000000e+00,-2.460000000000000142e+01,0.000000000000000000e+00
2.680599999999999909e+03,3.356000000000000000e+03,2.820000000000000000e+02,1.000000000000000000e+02,2.000000000000000000e+00,-2.680000000000000071e+01,0.000000000000000000e+00
9.423999999999999773e+02,3.624000000000000000e+03,1.200000000000000000e+01,6.000000000000000000e+00,2.000000000000000000e+00,-4.500000000000000000e+00,0.000000000000000000e+00
9.423999999999999773e+02,3.624000000000000000e+03,1.130000000000000000e+02,5.000000000000000000e+01,2.000000000000000000e+00,-2.000000000000000111e-01,0.000000000000000000e+00
9.425000000000000000e+02,3.625000000000000000e+03,0.000000000000000000e+00,1.250000000000000000e+02,1.000000000000000000e+00,-5.700000000000000178e+00,0.000000000000000000e+00
1.481400000000000091e+03,4.805000000000000000e+03,0.000000000000000000e+00,1.000000000000000000e+02,4.000000000000000000e+00,-2.669999999999999929e+01,0.000000000000000000e+00
1.482000000000000000e+03,4.811000000000000000e+03,3.780000000000000000e+02,5.000000000000000000e+01,4.000000000000000000e+00,-1.910000000000000142e+01,0.000000000000000000e+00
1.482000000000000000e+03,4.811000000000000000e+03,3.800000000000000000e+02,1.000000000000000000e+02,2.000000000000000000e+00,-2.050000000000000000e+01,0.000000000000000000e+00
1.482299999999999955e+03,4.814000000000000000e+03,0.000000000000000000e+00,5.000000000000000000e+01,1.000000000000000000e+00,-2.250000000000000000e+01,0.000000000000000000e+00
1.482299999999999955e+03,4.814000000000000000e+03,2.000000000000000000e+00,5.000000000000000000e+01,4.000000000000000000e+00,-2.639999999999999858e+01,0.000000000000000000e+00
1.482400000000000091e+03,4.815000000000000000e+03,0.000000000000000000e+00,2.500000000000000000e+01,2.000000000000000000e+00,-2.260000000000000142e+01,0.000000000000000000e+00
7.730000000000000000e+02,5.430000000000000000e+03,3.840000000000000000e+02,5.000000000000000000e+01,2.000000000000000000e+00,-1.630000000000000071e+01,0.000000000000000000e+00
7.730000000000000000e+02,5.430000000000000000e+03,4.630000000000000000e+02,5.000000000000000000e+01,2.000000000000000000e+00,-1.819999999999999929e+01,0.000000000000000000e+00
7.732000000000000455e+02,5.432000000000000000e+03,0.000000000000000000e+00,1.500000000000000000e+01,2.000000000000000000e+00,-2.219999999999999929e+01,0.000000000000000000e+00
7.931000000000000227e+02,5.631000000000000000e+03,1.000000000000000000e+00,1.500000000000000000e+01,1.000000000000000000e+00,-1.469999999999999929e+01,0.000000000000000000e+00
7.935000000000000000e+02,5.635000000000000000e+03,1.150000000000000000e+02,6.000000000000000000e+00,4.000000000000000000e+00,-1.710000000000000142e+01,0.000000000000000000e+00
7.937999999999999545e+02,5.638000000000000000e+03,0.000000000000000000e+00,1.500000000000000000e+01,2.000000000000000000e+00,-2.050000000000000000e+01,0.000000000000000000e+00
7.982000000000000455e+02,5.682000000000000000e+03,1.000000000000000000e+00,6.000000000000000000e+00,2.000000000000000000e+00,-1.469999999999999929e+01,0.000000000000000000e+00
7.982999999999999545e+02,5.683000000000000000e+03,1.000000000000000000e+00,1.250000000000000000e+02,1.000000000000000000e+00,-1.700000000000000000e+01,0.000000000000000000e+00
7.983999999999999773e+02,5.684000000000000000e+03,2.000000000000000000e+00,5.000000000000000000e+01,4.000000000000000000e+00,-1.610000000000000142e+01,0.000000000000000000e+00
7.985000000000000000e+02,5.685000000000000000e+03,2.520000000000000000e+02,2.500000000000000000e+01,2.000000000000000000e+00,-1.340000000000000036e+01,0.000000000000000000e+00
7.985000000000000000e+02,5.685000000000000000e+03,2.350000000000000000e+02,2.500000000000000000e+01,2.000000000000000000e+00,-1.230000000000000071e+01,0.000000000000000000e+00
7.987000000000000455e+02,5.687000000000000000e+03,2.000000000000000000e+00,6.000000000000000000e+00,4.000000000000000000e+00,-1.490000000000000036e+01,0.000000000000000000e+00
8.766000000000000227e+02,6.016000000000000000e+03,2.000000000000000000e+00,1.500000000000000000e+01,2.000000000000000000e+00,-2.760000000000000142e+01,0.000000000000000000e+00
7.932999999999999545e+02,6.173000000000000000e+03,1.000000000000000000e+00,2.500000000000000000e+01,1.000000000000000000e+00,-1.939999999999999858e+01,0.000000000000000000e+00
7.935000000000000000e+02,6.175000000000000000e+03,2.400000000000000000e+02,2.500000000000000000e+01,2.000000000000000000e+00,-1.750000000000000000e+01,0.000000000000000000e+00
7.935000000000000000e+02,6.175000000000000000e+03,2.770000000000000000e+02,2.500000000000000000e+01,2.000000000000000000e+00,-1.459999999999999964e+01,0.000000000000000000e+00
7.982999999999999545e+02,6.223000000000000000e+03,1.000000000000000000e+00,5.000000000000000000e+01,4.000000000000000000e+00,-1.300000000000000000e+01,0.000000000000000000e+00
7.985000000000000000e+02,6.225000000000000000e+03,2.350000000000000000e+02,2.500000000000000000e+01,2.000000000000000000e+00,-1.500000000000000000e+01,0.000000000000000000e+00
7.985000000000000000e+02,6.225000000000000000e+03,2.540000000000000000e+02,2.500000000000000000e+01,2.000000000000000000e+00,-1.700000000000000000e+01,0.000000000000000000e+00
8.060000000000000000e+02,6.300000000000000000e+03,5.900000000000000000e+01,5.000000000000000000e+01,2.000000000000000000e+00,-1.600000000000000089e+00,0.000000000000000000e+00
8.061000000000000227e+02,6.301000000000000000e+03,1.160000000000000000e+02,7.500000000000000000e+01,2.000000000000000000e+00,-2.899999999999999911e+00,0.000000000000000000e+00
8.062000000000000455e+02,6.302000000000000000e+03,2.000000000000000000e+00,1.500000000000000000e+01,2.000000000000000000e+00,-3.000000000000000000e+00,0.000000000000000000e+00
8.062999999999999545e+02,6.303000000000000000e+03,2.000000000000000000e+00,1.250000000000000000e+02,1.000000000000000000e+00,-4.200000000000000178e+00,0.000000000000000000e+00
8.160000000000000000e+02,6.400000000000000000e+03,2.790000000000000000e+02,5.000000000000000000e+01,2.000000000000000000e+00,-4.400000000000000355e+00,0.000000000000000000e+00
8.160000000000000000e+02,6.400000000000000000e+03,2.810000000000000000e+02,5.000000000000000000e+01,2.000000000000000000e+00,-6.900000000000000355e+00,0.000000000000000000e+00
8.161000000000000227e+02,6.401000000000000000e+03,2.520000000000000000e+02,1.250000000000000000e+02,1.000000000000000000e+00,-3.799999999999999822e+00,0.000000000000000000e+00
8.165000000000000000e+02,6.405000000000000000e+03,3.770000000000000000e+02,2.500000000000000000e+01,2.000000000000000000e+00,-7.099999999999999645e+00,0.000000000000000000e+00
8.767000000000000455e+02,8.867000000000000000e+03,2.000000000000000000e+00,2.500000000000000000e+01,4.000000000000000000e+00,-2.669999999999999929e+01,0.000000000000000000e+00
7.620000000000000000e+02,9.250000000000000000e+03,1.000000000000000000e+00,7.500000000000000000e+01,1.000000000000000000e+00,-2.660000000000000142e+01,0.000000000000000000e+00
7.723999999999999773e+02,9.354000000000000000e+03,0.000000000000000000e+00,1.500000000000000000e+01,1.000000000000000000e+00,-2.119999999999999929e+01,0.000000000000000000e+00
7.730000000000000000e+02,9.360000000000000000e+03,3.840000000000000000e+02,5.000000000000000000e+01,2.000000000000000000e+00,-1.430000000000000071e+01,0.000000000000000000e+00
7.731000000000000227e+02,9.361000000000000000e+03,0.000000000000000000e+00,1.500000000000000000e+02,2.000000000000000000e+00,-1.340000000000000036e+01,0.000000000000000000e+00
7.736000000000000227e+02,9.366000000000000000e+03,0.000000000000000000e+00,5.000000000000000000e+01,1.000000000000000000e+00,-2.000000000000000000e+01,0.000000000000000000e+00
7.886000000000000227e+02,9.516000000000000000e+03,3.580000000000000000e+02,1.000000000000000000e+02,1.000000000000000000e+00,-2.730000000000000071e+01,0.000000000000000000e+00
7.932000000000000455e+02,9.562000000000000000e+03,1.000000000000000000e+00,2.500000000000000000e+01,2.000000000000000000e+00,-1.330000000000000071e+01,0.000000000000000000e+00
7.935000000000000000e+02,9.565000000000000000e+03,2.400000000000000000e+02,2.500000000000000000e+01,2.000000000000000000e+00,-1.230000000000000071e+01,0.000000000000000000e+00
7.935000000000000000e+02,9.565000000000000000e+03,1.150000000000000000e+02,2.500000000000000000e+01,2.000000000000000000e+00,-1.169999999999999929e+01,0.000000000000000000e+00
7.937000000000000455e+02,9.567000000000000000e+03,1.000000000000000000e+00,2.500000000000000000e+01,4.000000000000000000e+00,-1.250000000000000000e+01,0.000000000000000000e+00
7.980000000000000000e+02,9.610000000000000000e+03,1.600000000000000000e+01,1.000000000000000000e+02,4.000000000000000000e+00,-1.319999999999999929e+01,0.000000000000000000e+00
7.982000000000000455e+02,9.612000000000000000e+03,0.000000000000000000e+00,5.000000000000000000e+01,1.000000000000000000e+00,-1.530000000000000071e+01,0.000000000000000000e+00
7.983999999999999773e+02,9.614000000000000000e+03,1.000000000000000000e+00,1.500000000000000000e+01,2.000000000000000000e+00,-1.030000000000000071e+01,0.000000000000000000e+00
7.985000000000000000e+02,9.615000000000000000e+03,2.350000000000000000e+02,2.500000000000000000e+01,2.000000000000000000e+00,-9.000000000000000000e+00,0.000000000000000000e+00
7.985000000000000000e+02,9.615000000000000000e+03,2.540000000000000000e+02,2.500000000000000000e+01,2.000000000000000000e+00,-8.800000000000000711e+00,0.000000000000000000e+00
7.986000000000000227e+02,9.616000000000000000e+03,4.130000000000000000e+02,1.500000000000000000e+02,2.000000000000000000e+00,-1.800000000000000000e+01,0.000000000000000000e+00
7.987999999999999545e+02,9.618000000000000000e+03,1.000000000000000000e+00,7.500000000000000000e+01,2.000000000000000000e+00,-1.919999999999999929e+01,0.000000000000000000e+00
2.359500000000000000e+03,9.865000000000000000e+03,0.000000000000000000e+00,1.000000000000000000e+02,2.000000000000000000e+00,-1.819999999999999929e+01,0.000000000000000000e+00
2.359599999999999909e+03,9.866000000000000000e+03,3.120000000000000000e+02,1.500000000000000000e+02,2.000000000000000000e+00,-1.919999999999999929e+01,0.000000000000000000e+00
2.359699999999999818e+03,9.867000000000000000e+03,0.000000000000000000e+00,7.500000000000000000e+01,2.000000000000000000e+00,-1.719999999999999929e+01,0.000000000000000000e+00
2.359800000000000182e+03,9.868000000000000000e+03,0.000000000000000000e+00,1.500000000000000000e+01,4.000000000000000000e+00,-1.509999999999999964e+01,0.000000000000000000e+00
1.462000000000000000e+03,1.002000000000000000e+04,4.400000000000000000e+02,1.000000000000000000e+02,2.000000000000000000e+00,-2.500000000000000000e+00,0.000000000000000000e+00
1.481799999999999955e+03,1.021800000000000000e+04,2.000000000000000000e+00,2.500000000000000000e+01,4.000000000000000000e+00,-1.960000000000000142e+01,0.000000000000000000e+00
1.482299999999999955e+03,1.022300000000000000e+04,2.000000000000000000e+00,6.000000000000000000e+00,1.000000000000000000e+00,-2.150000000000000000e+01,0.000000000000000000e+00
1.860599999999999909e+03,3.645600000000000000e+04,1.410000000000000000e+02,2.500000000000000000e+01,1.000000000000000000e+00,-2.389999999999999858e+01,0.000000000000000000e+00
1.860700000000000045e+03,3.645700000000000000e+04,2.000000000000000000e+00,2.500000000000000000e+01,2.000000000000000000e+00,-2.480000000000000071e+01,0.000000000000000000e+00
1.860799999999999955e+03,3.645800000000000000e+04,2.000000000000000000e+00,2.500000000000000000e+01,2.000000000000000000e+00,-2.700000000000000000e+01,0.000000000000000000e+00
1.860900000000000091e+03,3.645900000000000000e+04,1.480000000000000000e+02,2.500000000000000000e+01,2.000000000000000000e+00,-2.689999999999999858e+01,0.000000000000000000e+00
1.861000000000000000e+03,3.646000000000000000e+04,1.000000000000000000e+00,1.250000000000000000e+02,4.000000000000000000e+00,-2.850000000000000000e+01,0.000000000000000000e+00
1.861099999999999909e+03,3.646100000000000000e+04,4.830000000000000000e+02,5.000000000000000000e+01,2.000000000000000000e+00,-2.580000000000000071e+01,0.000000000000000000e+00
1.861099999999999909e+03,3.646100000000000000e+04,1.270000000000000000e+02,5.000000000000000000e+01,2.000000000000000000e+00,-2.569999999999999929e+01,0.000000000000000000e+00
1.861099999999999909e+03,3.646100000000000000e+04,1.280000000000000000e+02,5.000000000000000000e+01,2.000000000000000000e+00,-2.210000000000000142e+01,0.000000000000000000e+00
1.861200000000000045e+03,3.646200000000000000e+04,0.000000000000000000e+00,1.250000000000000000e+02,1.000000000000000000e+00,-2.460000000000000142e+01,0.000000000000000000e+00
1.861400000000000091e+03,3.646400000000000000e+04,3.360000000000000000e+02,6.000000000000000000e+00,4.000000000000000000e+00,-2.580000000000000071e+01,0.000000000000000000e+00
1.866500000000000000e+03,3.651500000000000000e+04,1.770000000000000000e+02,1.000000000000000000e+02,4.000000000000000000e+00,-2.030000000000000071e+01,0.000000000000000000e+00
1.866799999999999955e+03,3.651800000000000000e+04,0.000000000000000000e+00,1.500000000000000000e+02,2.000000000000000000e+00,-2.100000000000000000e+01,0.000000000000000000e+00
1.928599999999999909e+03,3.773600000000000000e+04,4.260000000000000000e+02,1.500000000000000000e+02,1.000000000000000000e+00,-3.950000000000000000e+01,0.000000000000000000e+00
2.359800000000000182e+03,3.924800000000000000e+04,4.500000000000000000e+01,1.500000000000000000e+01,1.000000000000000000e+00,-1.739999999999999858e+01,0.000000000000000000e+00
2.360099999999999909e+03,3.925100000000000000e+04,3.540000000000000000e+02,1.000000000000000000e+02,2.000000000000000000e+00,-1.450000000000000000e+01,0.000000000000000000e+00
2.361599999999999909e+03,3.926600000000000000e+04,1.000000000000000000e+00,2.500000000000000000e+01,1.000000000000000000e+00,-2.739999999999999858e+01,0.000000000000000000e+00
2.379699999999999818e+03,3.944700000000000000e+04,0.000000000000000000e+00,5.000000000000000000e+01,4.000000000000000000e+00,-1.860000000000000142e+01,0.000000000000000000e+00
7.140000000000000000e+02,4.570000000000000000e+04,2.000000000000000000e+00,7.500000000000000000e+01,4.000000000000000000e+00,-8.900000000000000355e+00,0.000000000000000000e+00
7.142000000000000455e+02,4.570200000000000000e+04,5.900000000000000000e+01,5.000000000000000000e+01,1.000000000000000000e+00,-1.059999999999999964e+01,0.000000000000000000e+00
7.726000000000000227e+02,4.628600000000000000e+04,1.080000000000000000e+02,1.000000000000000000e+02,2.000000000000000000e+00,-1.839999999999999858e+01,0.000000000000000000e+00
7.730000000000000000e+02,4.629000000000000000e+04,3.840000000000000000e+02,5.000000000000000000e+01,2.000000000000000000e+00,-1.419999999999999929e+01,0.000000000000000000e+00
7.930000000000000000e+02,4.649000000000000000e+04,1.000000000000000000e+00,6.000000000000000000e+00,1.000000000000000000e+00,-1.880000000000000071e+01,0.000000000000000000e+00
7.937999999999999545e+02,4.649800000000000000e+04,2.500000000000000000e+01,5.000000000000000000e+01,1.000000000000000000e+00,-1.939999999999999858e+01,0.000000000000000000e+00
7.980000000000000000e+02,4.654000000000000000e+04,4.900000000000000000e+01,1.000000000000000000e+02,2.000000000000000000e+00,-1.550000000000000000e+01,0.000000000000000000e+00
7.982999999999999545e+02,4.654300000000000000e+04,0.000000000000000000e+00,2.500000000000000000e+01,1.000000000000000000e+00,-1.660000000000000142e+01,0.000000000000000000e+00
7.982999999999999545e+02,4.654300000000000000e+04,1.000000000000000000e+00,2.500000000000000000e+01,4.000000000000000000e+00,-1.119999999999999929e+01,0.000000000000000000e+00
7.983999999999999773e+02,4.654400000000000000e+04,1.000000000000000000e+00,7.500000000000000000e+01,2.000000000000000000e+00,-1.319999999999999929e+01,0.000000000000000000e+00
7.985000000000000000e+02,4.654500000000000000e+04,2.520000000000000000e+02,2.500000000000000000e+01,2.000000000000000000e+00,-1.350000000000000000e+01,0.000000000000000000e+00
7.985000000000000000e+02,4.654500000000000000e+04,2.350000000000000000e+02,2.500000000000000000e+01,2.000000000000000000e+00,-1.119999999999999929e+01,0.000000000000000000e+00
7.985000000000000000e+02,4.654500000000000000e+04,2.000000000000000000e+00,5.000000000000000000e+01,2.000000000000000000e+00,-1.380000000000000071e+01,0.000000000000000000e+00
1.462000000000000000e+03,4.674000000000000000e+04,4.380000000000000000e+02,1.000000000000000000e+02,2.000000000000000000e+00,-6.799999999999999822e+00,0.000000000000000000e+00
1.462000000000000000e+03,4.674000000000000000e+04,4.400000000000000000e+02,1.000000000000000000e+02,2.000000000000000000e+00,-3.000000000000000000e+00,0.000000000000000000e+00
1.462000000000000000e+03,5.854000000000000000e+04,4.380000000000000000e+02,1.000000000000000000e+02,2.000000000000000000e+00,-1.250000000000000000e+01,0.000000000000000000e+00
1.462000000000000000e+03,5.854000000000000000e+04,4.400000000000000000e+02,1.000000000000000000e+02,2.000000000000000000e+00,-6.000000000000000000e+00,0.000000000000000000e+00
1.462299999999999955e+03,5.854300000000000000e+04,0.000000000000000000e+00,1.500000000000000000e+02,1.000000000000000000e+00,-9.800000000000000711e+00,0.000000000000000000e+00
1.481299999999999955e+03,5.873300000000000000e+04,0.000000000000000000e+00,1.500000000000000000e+01,1.000000000000000000e+00,-2.780000000000000071e+01,0.000000000000000000e+00
1.481599999999999909e+03,5.873600000000000000e+04,0.000000000000000000e+00,1.500000000000000000e+02,4.000000000000000000e+00,-2.460000000000000142e+01,0.000000000000000000e+00
1.481599999999999909e+03,5.873600000000000000e+04,3.200000000000000000e+02,1.250000000000000000e+02,2.000000000000000000e+00,-2.110000000000000142e+01,0.000000000000000000e+00
1.481700000000000045e+03,5.873700000000000000e+04,2.120000000000000000e+02,1.500000000000000000e+02,2.000000000000000000e+00,-2.400000000000000000e+01,0.000000000000000000e+00
1.482000000000000000e+03,5.874000000000000000e+04,3.510000000000000000e+02,1.000000000000000000e+02,4.000000000000000000e+00,-1.710000000000000142e+01,0.000000000000000000e+00
1.482299999999999955e+03,5.874300000000000000e+04,0.000000000000000000e+00,6.000000000000000000e+00,4.000000000000000000e+00,-2.510000000000000142e+01,0.000000000000000000e+00
2.119699999999999818e+03,6.563300000000000000e+04,0.000000000000000000e+00,7.500000000000000000e+01,2.000000000000000000e+00,-2.150000000000000000e+01,0.000000000000000000e+00
2.119900000000000091e+03,6.563500000000000000e+04,4.800000000000000000e+01,5.000000000000000000e+01,2.000000000000000000e+00,-1.980000000000000071e+01,0.000000000000000000e+00
2.120000000000000000e+03,6.563600000000000000e+04,0.000000000000000000e+00,1.500000000000000000e+02,2.000000000000000000e+00,-1.939999999999999858e+01,0.000000000000000000e+00
2.129300000000000182e+03,6.572900000000000000e+04,0.000000000000000000e+00,1.500000000000000000e+02,4.000000000000000000e+00,-1.300000000000000000e+01,0.000000000000000000e+00
2.129400000000000091e+03,6.573000000000000000e+04,0.000000000000000000e+00,1.250000000000000000e+02,1.000000000000000000e+00,-9.300000000000000711e+00,0.000000000000000000e+00
2.129500000000000000e+03,6.573100000000000000e+04,4.050000000000000000e+02,2.500000000000000000e+01,2.000000000000000000e+00,-1.030000000000000071e+01,0.000000000000000000e+00
2.129699999999999818e+03,6.573300000000000000e+04,0.000000000000000000e+00,6.000000000000000000e+00,2.000000000000000000e+00,-6.000000000000000000e+00,0.000000000000000000e+00
2.129900000000000091e+03,6.573500000000000000e+04,3.690000000000000000e+02,5.000000000000000000e+01,4.000000000000000000e+00,-4.000000000000000000e+00,0.000000000000000000e+00
2.130300000000000182e+03,6.573900000000000000e+04,8.700000000000000000e+01,1.500000000000000000e+02,1.000000000000000000e+00,-1.069999999999999929e+01,0.000000000000000000e+00
2.137099999999999909e+03,6.580700000000000000e+04,1.000000000000000000e+00,2.500000000000000000e+01,2.000000000000000000e+00,-1.550000000000000000e+01,0.000000000000000000e+00
2.142000000000000000e+03,6.585600000000000000e+04,1.000000000000000000e+00,5.000000000000000000e+01,2.000000000000000000e+00,-6.299999999999999822e+00,0.000000000000000000e+00
2.142300000000000182e+03,6.585900000000000000e+04,1.990000000000000000e+02,7.500000000000000000e+01,4.000000000000000000e+00,-4.000000000000000000e+00,0.000000000000000000e+00
2.161699999999999818e+03,6.605300000000000000e+04,0.000000000000000000e+00,5.000000000000000000e+01,2.000000000000000000e+00,-2.389999999999999858e+01,0.000000000000000000e+00
2.162000000000000000e+03,6.605600000000000000e+04,0.000000000000000000e+00,6.000000000000000000e+00,4.000000000000000000e+00,-2.069999999999999929e+01,0.000000000000000000e+00
2.162099999999999909e+03,6.605700000000000000e+04,0.000000000000000000e+00,1.250000000000000000e+02,1.000000000000000000e+00,-2.360000000000000142e+01,0.000000000000000000e+00
2.162199999999999818e+03,6.605800000000000000e+04,1.770000000000000000e+02,7.500000000000000000e+01,4.000000000000000000e+00,-2.239999999999999858e+01,0.000000000000000000e+00
2.162400000000000091e+03,6.606000000000000000e+04,0.000000000000000000e+00,1.500000000000000000e+01,2.000000000000000000e+00,-2.560000000000000142e+01,0.000000000000000000e+00
2.119400000000000091e+03,6.653000000000000000e+04,0.000000000000000000e+00,5.000000000000000000e+01,2.000000000000000000e+00,-2.410000000000000142e+01,0.000000000000000000e+00
2.119900000000000091e+03,6.653500000000000000e+04,4.800000000000000000e+01,5.000000000000000000e+01,2.000000000000000000e+00,-2.310000000000000142e+01,0.000000000000000000e+00
2.129900000000000091e+03,6.663500000000000000e+04,3.690000000000000000e+02,5.000000000000000000e+01,4.000000000000000000e+00,-5.700000000000000178e+00,0.000000000000000000e+00
2.130000000000000000e+03,6.663600000000000000e+04,0.000000000000000000e+00,1.250000000000000000e+02,2.000000000000000000e+00,-8.300000000000000711e+00,0.000000000000000000e+00
2.142199999999999818e+03,6.675800000000000000e+04,7.000000000000000000e+01,1.000000000000000000e+02,1.000000000000000000e+00,-4.500000000000000000e+00,0.000000000000000000e+00
2.142300000000000182e+03,6.675900000000000000e+04,1.990000000000000000e+02,7.500000000000000000e+01,4.000000000000000000e+00,-4.900000000000000355e+00,0.000000000000000000e+00
2.142400000000000091e+03,6.676000000000000000e+04,1.000000000000000000e+00,1.500000000000000000e+01,2.000000000000000000e+00,-4.099999999999999645e+00,0.000000000000000000e+00
2.142800000000000182e+03,6.676400000000000000e+04,1.000000000000000000e+00,6.000000000000000000e+00,2.000000000000000000e+00,-1.009999999999999964e+01,0.000000000000000000e+00
2.162199999999999818e+03,6.695800000000000000e+04,1.770000000000000000e+02,7.500000000000000000e+01,4.000000000000000000e+00,-2.189999999999999858e+01,0.000000000000000000e+00
2.162800000000000182e+03,6.696400000000000000e+04,4.110000000000000000e+02,1.500000000000000000e+02,2.000000000000000000e+00,-2.869999999999999929e+01,0.000000000000000000e+00
7.727000000000000455e+02,6.773300000000000000e+04,0.000000000000000000e+00,1.500000000000000000e+02,2.000000000000000000e+00,-1.619999999999999929e+01,0.000000000000000000e+00
7.730000000000000000e+02,6.773600000000000000e+04,3.840000000000000000e+02,5.000000000000000000e+01,2.000000000000000000e+00,-1.600000000000000000e+01,0.000000000000000000e+00
7.732000000000000455e+02,6.773800000000000000e+04,0.000000000000000000e+00,1.000000000000000000e+02,2.000000000000000000e+00,-1.789999999999999858e+01,0.000000000000000000e+00
7.733999999999999773e+02,6.774000000000000000e+04,0.000000000000000000e+00,1.500000000000000000e+02,1.000000000000000000e+00,-2.169999999999999929e+01,0.000000000000000000e+00
